customer_id,first_name,last_name,email,city,phone,join_date
1,Ava,Martinez,customer1@example.com,Lucknow,9196896434,2026-05-31
2,Michael,Johnson,customer2@example.com,Chennai,9844974742,2025-08-03
3,John,Garcia,customer3@example.com,Pune,9997728642,2026-06-13
4,Ava,Miller,customer4@example.com,Pune,9254988003,2026-05-25
5,Sophia,Davis,customer5@example.com,Mumbai,9794888229,2025-11-21
6,Isabella,Jones,customer6@example.com,Ahmedabad,9355092379,2026-02-02
7,Isabella,Davis,customer7@example.com,Pune,9209240236,2025-12-11
8,James,Garcia,customer8@example.com,Bangalore,9535254642,2026-05-10
9,Ava,Miller,customer9@example.com,Ahmedabad,9502516516,2025-08-18
10,James,Davis,customer10@example.com,Hyderabad,9841846377,2026-03-31
11,Michael,Brown,customer11@example.com,Ahmedabad,9338029324,2026-03-28
12,Michael,Williams,customer12@example.com,Lucknow,9524193092,2026-07-11
13,Sophia,Garcia,customer13@example.com,Delhi,9552288659,2025-10-09
14,David,Brown,customer14@example.com,Bangalore,9959867035,2025-10-23
15,Olivia,Rodriguez,customer15@example.com,Mumbai,9633027347,2025-07-19
16,Emma,Brown,customer16@example.com,Delhi,9522713077,2026-03-17
17,James,Martinez,customer17@example.com,Lucknow,9413109493,2026-06-21
18,John,Brown,customer18@example.com,Hyderabad,9813268528,2025-09-22
19,Michael,Davis,customer19@example.com,Delhi,9720994358,2026-02-07
20,Olivia,Williams,customer20@example.com,Hyderabad,9597204057,2026-05-09
21,Sophia,Garcia,customer21@example.com,Bangalore,9603910141,2025-08-10
22,John,Williams,customer22@example.com,Mumbai,9345301968,2025-09-27
23,Olivia,Davis,customer23@example.com,Lucknow,9389756873,2025-09-25
24,Sophia,Williams,customer24@example.com,Mumbai,9613744029,2026-04-24
25,David,Williams,customer25@example.com,Delhi,9907024800,2026-05-08
26,Ava,Rodriguez,customer26@example.com,Delhi,9617060526,2025-09-24
27,Olivia,Smith,customer27@example.com,Hyderabad,9601416220,2026-06-05
28,Robert,Rodriguez,customer28@example.com,Chennai,9716284349,2026-01-08
29,Ava,Miller,customer29@example.com,Pune,9165588631,2025-07-24
30,Emma,Davis,customer30@example.com,Ahmedabad,9812596332,2025-10-18
31,Emma,Garcia,customer31@example.com,Pune,9815502318,2025-07-29
32,Ava,Davis,customer32@example.com,Ahmedabad,9491149149,2026-02-25
33,Ava,Garcia,customer33@example.com,Pune,9735102969,2026-02-23
34,Ava,Garcia,customer34@example.com,Lucknow,9237016901,2026-02-16
35,David,Martinez,customer35@example.com,Pune,9859392325,2025-09-19
36,Sophia,Martinez,customer36@example.com,Jaipur,9630822651,2025-11-08
37,Ava,Johnson,customer37@example.com,Hyderabad,9114378054,2025-10-21
38,Sophia,Williams,customer38@example.com,Lucknow,9594617002,2026-03-11
39,James,Jones,customer39@example.com,Delhi,9690002242,2026-01-25
40,Sophia,Garcia,customer40@example.com,Delhi,9756080800,2026-02-13
41,Robert,Brown,customer41@example.com,Kolkata,9851679702,2025-10-19
42,Sophia,Davis,customer42@example.com,Delhi,9894575976,2025-07-27
43,Isabella,Davis,customer43@example.com,Ahmedabad,9445859722,2026-05-25
44,Robert,Rodriguez,customer44@example.com,Hyderabad,9304863415,2026-03-22
45,Emma,Martinez,customer45@example.com,Lucknow,9844799500,2025-12-14
46,Michael,Garcia,customer46@example.com,Mumbai,9640030010,2026-05-07
47,Ava,Jones,customer47@example.com,Jaipur,9951618337,2026-04-01
48,Michael,Miller,customer48@example.com,Lucknow,9524813573,2025-11-22
49,Olivia,Williams,customer49@example.com,Kolkata,9195439016,2025-08-06
50,John,Jones,customer50@example.com,Chennai,9374844408,2026-05-12
51,Michael,Miller,customer51@example.com,Delhi,9244712634,2025-08-13
52,David,Miller,customer52@example.com,Pune,9903966528,2026-04-13
53,John,Jones,customer53@example.com,Chennai,9453518523,2026-05-17
54,James,Davis,customer54@example.com,Lucknow,9105225501,2026-04-01
55,Michael,Jones,customer55@example.com,Delhi,9843119382,2025-08-13
56,James,Jones,customer56@example.com,Jaipur,9252457042,2025-09-16
57,Robert,Brown,customer57@example.com,Chennai,9946313446,2025-08-24
58,Emma,Martinez,customer58@example.com,Jaipur,9356638448,2026-07-04
59,Robert,Brown,customer59@example.com,Hyderabad,9450526957,2025-07-25
60,Isabella,Johnson,customer60@example.com,Chennai,9240494628,2026-05-04
61,Emma,Martinez,customer61@example.com,Kolkata,9462114630,2026-03-10
62,Sophia,Rodriguez,customer62@example.com,Jaipur,9233580133,2025-09-10
63,James,Garcia,customer63@example.com,Ahmedabad,9565265675,2025-10-25
64,John,Davis,customer64@example.com,Hyderabad,9816299193,2025-07-29
65,Sophia,Williams,customer65@example.com,Jaipur,9605263394,2025-11-06
66,Michael,Rodriguez,customer66@example.com,Kolkata,9664967998,2026-04-09
67,James,Garcia,customer67@example.com,Hyderabad,9348871824,2026-01-04
68,Olivia,Rodriguez,customer68@example.com,Jaipur,9189812562,2026-07-12
69,John,Brown,customer69@example.com,Kolkata,9977365051,2026-06-15
70,Isabella,Johnson,customer70@example.com,Kolkata,9132443697,2025-07-31
71,Ava,Smith,customer71@example.com,Delhi,9514270004,2025-11-13
72,Emma,Smith,customer72@example.com,Kolkata,9461157950,2025-10-24
73,Ava,Garcia,customer73@example.com,Hyderabad,9408045861,2026-02-18
74,Emma,Smith,customer74@example.com,Hyderabad,9630444868,2026-03-24
75,Emma,Rodriguez,customer75@example.com,Jaipur,9139176830,2026-06-27
76,James,Jones,customer76@example.com,Chennai,9663564264,2026-06-28
77,Sophia,Miller,customer77@example.com,Hyderabad,9348414855,2025-10-29
78,James,Johnson,customer78@example.com,Ahmedabad,9323443896,2025-07-13
79,Emma,Brown,customer79@example.com,Lucknow,9358369414,2025-11-14
80,Isabella,Johnson,customer80@example.com,Pune,9160191421,2025-12-29
81,Isabella,Williams,customer81@example.com,Ahmedabad,9150797138,2025-08-20
82,Isabella,Davis,customer82@example.com,Jaipur,9322137620,2026-05-22
83,David,Smith,customer83@example.com,Delhi,9326834144,2025-11-19
84,Sophia,Smith,customer84@example.com,Ahmedabad,9641724311,2026-02-21
85,Robert,Davis,customer85@example.com,Pune,9431586543,2025-10-14
86,Michael,Rodriguez,customer86@example.com,Delhi,9599423629,2025-12-06
87,Robert,Miller,customer87@example.com,Pune,9549332813,2026-06-01
88,Olivia,Miller,customer88@example.com,Ahmedabad,9354827072,2025-12-03
89,David,Brown,customer89@example.com,Ahmedabad,9385192039,2026-05-27
90,Robert,Brown,customer90@example.com,Mumbai,9325280911,2026-01-29
91,Robert,Brown,customer91@example.com,Pune,9805163237,2026-04-03
92,Isabella,Rodriguez,customer92@example.com,Jaipur,9916147963,2025-08-19
93,James,Jones,customer93@example.com,Pune,9320906918,2026-07-06
94,Emma,Rodriguez,customer94@example.com,Kolkata,9681688306,2025-08-27
95,Robert,Williams,customer95@example.com,Hyderabad,9170413172,2026-01-01
96,Michael,Miller,customer96@example.com,Ahmedabad,9688830357,2026-06-05
97,James,Martinez,customer97@example.com,Ahmedabad,9389746634,2025-10-08
98,Sophia,Jones,customer98@example.com,Lucknow,9874648042,2025-11-30
99,David,Garcia,customer99@example.com,Mumbai,9133893615,2026-05-30
100,James,Davis,customer100@example.com,Kolkata,9506264954,2026-05-31
101,David,Jones,customer101@example.com,Bangalore,9749877698,2025-08-28
102,Robert,Smith,customer102@example.com,Hyderabad,9344599541,2025-07-13
103,Olivia,Martinez,customer103@example.com,Jaipur,9821741581,2025-07-13
104,Isabella,Garcia,customer104@example.com,Jaipur,9117598985,2025-07-25
105,John,Jones,customer105@example.com,Delhi,9351959494,2025-11-12
106,Sophia,Johnson,customer106@example.com,Jaipur,9709401270,2025-08-23
107,John,Davis,customer107@example.com,Kolkata,9751165985,2025-11-11
108,James,Rodriguez,customer108@example.com,Bangalore,9518058167,2026-04-06
109,Michael,Johnson,customer109@example.com,Bangalore,9732851272,2026-06-10
110,Olivia,Martinez,customer110@example.com,Chennai,9552183416,2025-12-23
111,Emma,Jones,customer111@example.com,Hyderabad,9152932697,2026-03-31
112,Sophia,Garcia,customer112@example.com,Kolkata,9659418318,2025-10-23
113,Michael,Jones,customer113@example.com,Mumbai,9490317263,2025-11-07
114,Emma,Jones,customer114@example.com,Delhi,9816919038,2025-12-11
115,David,Miller,customer115@example.com,Lucknow,9146668876,2025-09-10
116,Ava,Rodriguez,customer116@example.com,Chennai,9576118351,2025-08-12
117,Isabella,Miller,customer117@example.com,Mumbai,9782125382,2025-09-29
118,Sophia,Brown,customer118@example.com,Pune,9700170564,2025-10-01
119,David,Smith,customer119@example.com,Kolkata,9600520409,2025-07-29
120,Olivia,Brown,customer120@example.com,Lucknow,9871465707,2026-01-24
121,Robert,Williams,customer121@example.com,Chennai,9732538755,2026-06-26
122,Olivia,Jones,customer122@example.com,Hyderabad,9324320755,2025-07-25
123,Emma,Rodriguez,customer123@example.com,Lucknow,9793524909,2025-10-19
124,John,Jones,customer124@example.com,Pune,9304440332,2026-06-11
125,Robert,Garcia,customer125@example.com,Bangalore,9377870741,2026-01-17
126,Emma,Smith,customer126@example.com,Delhi,9974804216,2025-08-14
127,Emma,Miller,customer127@example.com,Bangalore,9198893800,2025-07-18
128,Sophia,Martinez,customer128@example.com,Mumbai,9372607984,2026-01-11
129,James,Jones,customer129@example.com,Hyderabad,9813887865,2025-08-16
130,Sophia,Williams,customer130@example.com,Kolkata,9478327699,2026-06-21
131,Michael,Martinez,customer131@example.com,Hyderabad,9671624432,2026-01-06
132,Isabella,Miller,customer132@example.com,Jaipur,9709461553,2026-01-26
133,Robert,Miller,customer133@example.com,Jaipur,9360915172,2026-01-22
134,Michael,Brown,customer134@example.com,Pune,9319150934,2025-11-25
135,Robert,Rodriguez,customer135@example.com,Pune,9875147388,2026-02-01
136,Robert,Johnson,customer136@example.com,Delhi,9211266944,2025-09-17
137,John,Garcia,customer137@example.com,Jaipur,9251546249,2026-06-14
138,John,Martinez,customer138@example.com,Jaipur,9440018644,2025-09-06
139,Olivia,Miller,customer139@example.com,Hyderabad,9498984466,2026-02-18
140,Olivia,Williams,customer140@example.com,Lucknow,9392721881,2025-11-12
141,John,Garcia,customer141@example.com,Chennai,9732003263,2026-01-16
142,John,Garcia,customer142@example.com,Mumbai,9248167825,2026-01-05
143,John,Jones,customer143@example.com,Ahmedabad,9914832465,2026-05-16
144,James,Martinez,customer144@example.com,Bangalore,9462815404,2025-10-27
145,James,Williams,customer145@example.com,Kolkata,9595146666,2025-10-28
146,John,Rodriguez,customer146@example.com,Delhi,9387895877,2026-05-03
147,David,Brown,customer147@example.com,Chennai,9239944654,2026-04-28
148,Michael,Miller,customer148@example.com,Delhi,9791581260,2026-05-12
149,Sophia,Johnson,customer149@example.com,Jaipur,9299190311,2025-08-02
150,James,Davis,customer150@example.com,Bangalore,9418508763,2025-09-26
151,Michael,Williams,customer151@example.com,Ahmedabad,9238764590,2026-03-02
152,John,Smith,customer152@example.com,Bangalore,9381018551,2025-08-31
153,Olivia,Smith,customer153@example.com,Ahmedabad,9752794193,2025-11-14
154,Sophia,Jones,customer154@example.com,Pune,9210207658,2025-11-24
155,John,Miller,customer155@example.com,Lucknow,9757733391,2025-10-07
156,Isabella,Jones,customer156@example.com,Ahmedabad,9129279958,2026-02-16
157,Olivia,Rodriguez,customer157@example.com,Chennai,9505610217,2025-08-19
158,Ava,Johnson,customer158@example.com,Bangalore,9796782809,2025-09-08
159,Olivia,Miller,customer159@example.com,Chennai,9642046913,2025-08-31
160,Emma,Davis,customer160@example.com,Bangalore,9339944494,2025-11-09
161,Sophia,Jones,customer161@example.com,Jaipur,9156447197,2026-04-02
162,Olivia,Brown,customer162@example.com,Kolkata,9448499331,2026-05-23
163,Sophia,Williams,customer163@example.com,Kolkata,9309351810,2026-02-09
164,Isabella,Garcia,customer164@example.com,Pune,9940201550,2026-07-08
165,Robert,Rodriguez,customer165@example.com,Ahmedabad,9474721788,2025-09-21
166,Robert,Johnson,customer166@example.com,Hyderabad,9379141015,2025-07-22
167,Isabella,Jones,customer167@example.com,Jaipur,9641829252,2025-12-13
168,Robert,Jones,customer168@example.com,Mumbai,9958691487,2025-08-29
169,Isabella,Rodriguez,customer169@example.com,Delhi,9783157021,2026-01-24
170,Robert,Johnson,customer170@example.com,Chennai,9118830772,2025-10-25
171,Sophia,Miller,customer171@example.com,Mumbai,9817994382,2026-06-17
172,Michael,Smith,customer172@example.com,Hyderabad,9634540679,2025-10-17
173,Isabella,Garcia,customer173@example.com,Ahmedabad,9514591051,2026-03-02
174,Michael,Davis,customer174@example.com,Ahmedabad,9947066573,2025-10-24
175,Sophia,Garcia,customer175@example.com,Ahmedabad,9386918485,2025-09-14
176,David,Rodriguez,customer176@example.com,Jaipur,9898747126,2025-11-15
177,Isabella,Rodriguez,customer177@example.com,Ahmedabad,9144121482,2026-06-01
178,David,Brown,customer178@example.com,Lucknow,9721717822,2026-03-17
179,Ava,Miller,customer179@example.com,Kolkata,9411353063,2025-10-09
180,Emma,Garcia,customer180@example.com,Lucknow,9153736673,2025-09-23
181,John,Martinez,customer181@example.com,Pune,9607544193,2025-12-04
182,Emma,Jones,customer182@example.com,Pune,9423462200,2026-06-04
183,Ava,Davis,customer183@example.com,Bangalore,9825363054,2026-02-04
184,Robert,Jones,customer184@example.com,Bangalore,9291450764,2025-08-20
185,Michael,Davis,customer185@example.com,Mumbai,9539248354,2026-05-19
186,Olivia,Davis,customer186@example.com,Lucknow,9875275819,2026-05-28
187,Isabella,Davis,customer187@example.com,Chennai,9216124890,2026-03-26
188,James,Miller,customer188@example.com,Kolkata,9106048748,2025-08-30
189,John,Brown,customer189@example.com,Pune,9416573794,2025-07-30
190,Emma,Garcia,customer190@example.com,Chennai,9663281487,2025-07-23
191,Olivia,Garcia,customer191@example.com,Jaipur,9686803655,2025-11-26
192,John,Davis,customer192@example.com,Pune,9336194724,2026-06-27
193,Michael,Davis,customer193@example.com,Pune,9787666730,2026-01-09
194,John,Jones,customer194@example.com,Delhi,9811535583,2026-01-05
195,Isabella,Miller,customer195@example.com,Hyderabad,9459806975,2026-01-06
196,David,Smith,customer196@example.com,Kolkata,9218048850,2026-05-29
197,James,Johnson,customer197@example.com,Bangalore,9137683021,2026-06-19
198,John,Jones,customer198@example.com,Lucknow,9309983164,2026-02-13
199,John,Johnson,customer199@example.com,Lucknow,9234493269,2025-11-02
200,Ava,Davis,customer200@example.com,Hyderabad,9143609043,2025-08-25
201,Isabella,Rodriguez,customer201@example.com,Delhi,9286087467,2025-10-07
202,Robert,Williams,customer202@example.com,Jaipur,9389506704,2025-12-19
203,Sophia,Garcia,customer203@example.com,Bangalore,9675996104,2026-01-16
204,Isabella,Miller,customer204@example.com,Kolkata,9308251482,2025-08-24
205,Emma,Brown,customer205@example.com,Bangalore,9681102798,2025-09-10
206,John,Davis,customer206@example.com,Bangalore,9187411657,2026-06-02
207,Olivia,Smith,customer207@example.com,Delhi,9373982107,2025-07-23
208,Isabella,Rodriguez,customer208@example.com,Hyderabad,9569908305,2026-02-18
209,Robert,Martinez,customer209@example.com,Delhi,9318326322,2026-04-17
210,David,Jones,customer210@example.com,Jaipur,9346930720,2025-11-17
211,James,Smith,customer211@example.com,Chennai,9757685788,2026-06-07
212,Robert,Garcia,customer212@example.com,Delhi,9216613577,2025-11-17
213,James,Rodriguez,customer213@example.com,Lucknow,9343964912,2025-09-10
214,James,Davis,customer214@example.com,Bangalore,9250701667,2026-07-01
215,Emma,Martinez,customer215@example.com,Pune,9742896353,2025-10-27
216,Michael,Brown,customer216@example.com,Lucknow,9352485750,2026-03-20
217,Isabella,Brown,customer217@example.com,Pune,9331255959,2025-12-09
218,Ava,Martinez,customer218@example.com,Lucknow,9719111129,2026-03-05
219,Michael,Garcia,customer219@example.com,Kolkata,9277371061,2026-03-03
220,Ava,Johnson,customer220@example.com,Delhi,9850628105,2026-02-16
221,James,Smith,customer221@example.com,Kolkata,9838588472,2026-07-06
222,James,Davis,customer222@example.com,Pune,9259923647,2026-05-14
223,Michael,Jones,customer223@example.com,Hyderabad,9247926968,2025-12-16
224,Isabella,Johnson,customer224@example.com,Delhi,9805141735,2025-12-05
225,Ava,Davis,customer225@example.com,Ahmedabad,9471092814,2026-05-20
226,Sophia,Rodriguez,customer226@example.com,Pune,9966564945,2025-09-30
227,John,Smith,customer227@example.com,Delhi,9479045971,2025-10-11
228,James,Martinez,customer228@example.com,Bangalore,9507695003,2026-05-03
229,Emma,Garcia,customer229@example.com,Pune,9169141994,2026-07-11
230,Olivia,Jones,customer230@example.com,Jaipur,9890643869,2025-08-22
231,Ava,Miller,customer231@example.com,Jaipur,9104583161,2025-07-30
232,John,Johnson,customer232@example.com,Lucknow,9788492820,2026-02-22
233,Ava,Williams,customer233@example.com,Kolkata,9470194370,2025-10-29
234,Robert,Garcia,customer234@example.com,Hyderabad,9752813198,2025-08-01
235,James,Williams,customer235@example.com,Mumbai,9770276249,2025-09-01
236,Michael,Garcia,customer236@example.com,Chennai,9311069392,2026-02-01
237,Ava,Johnson,customer237@example.com,Pune,9821824147,2026-03-11
238,James,Brown,customer238@example.com,Kolkata,9274021569,2026-01-17
239,Emma,Martinez,customer239@example.com,Lucknow,9620022111,2025-08-10
240,David,Williams,customer240@example.com,Ahmedabad,9874333219,2026-04-03
241,Emma,Miller,customer241@example.com,Delhi,9478312966,2025-10-11
242,David,Rodriguez,customer242@example.com,Hyderabad,9151029342,2026-05-21
243,David,Martinez,customer243@example.com,Hyderabad,9901386085,2025-09-09
244,John,Brown,customer244@example.com,Pune,9181538956,2025-12-02
245,Emma,Rodriguez,customer245@example.com,Ahmedabad,9919583236,2026-01-29
246,John,Williams,customer246@example.com,Pune,9509460700,2025-11-24
247,Olivia,Johnson,customer247@example.com,Lucknow,9427243101,2025-12-09
248,Isabella,Williams,customer248@example.com,Kolkata,9283056013,2026-03-11
249,Ava,Smith,customer249@example.com,Mumbai,9405340596,2025-12-08
250,Olivia,Smith,customer250@example.com,Jaipur,9816545329,2025-07-31
251,Michael,Johnson,customer251@example.com,Bangalore,9660149169,2025-11-16
252,Emma,Smith,customer252@example.com,Mumbai,9459509312,2025-09-10
253,Robert,Rodriguez,customer253@example.com,Pune,9379015370,2025-11-24
254,Michael,Williams,customer254@example.com,Mumbai,9160200343,2025-07-14
255,Sophia,Smith,customer255@example.com,Lucknow,9419528585,2026-01-14
256,Sophia,Williams,customer256@example.com,Bangalore,9862258094,2025-10-03
257,Olivia,Rodriguez,customer257@example.com,Ahmedabad,9630314881,2026-02-27
258,James,Smith,customer258@example.com,Lucknow,9369535773,2025-11-06
259,Isabella,Garcia,customer259@example.com,Lucknow,9420266211,2026-01-15
260,David,Martinez,customer260@example.com,Bangalore,9217422522,2026-06-07
261,Sophia,Smith,customer261@example.com,Ahmedabad,9904174053,2025-09-24
262,James,Miller,customer262@example.com,Ahmedabad,9213748817,2026-06-04
263,Robert,Martinez,customer263@example.com,Delhi,9905201410,2025-12-06
264,Ava,Johnson,customer264@example.com,Jaipur,9538260380,2025-12-01
265,John,Garcia,customer265@example.com,Jaipur,9885105981,2025-09-17
266,Sophia,Rodriguez,customer266@example.com,Hyderabad,9409862813,2025-11-05
267,John,Davis,customer267@example.com,Delhi,9275937666,2026-01-01
268,Emma,Brown,customer268@example.com,Jaipur,9508607636,2025-08-21
269,Michael,Brown,customer269@example.com,Delhi,9350952962,2025-11-30
270,Sophia,Williams,customer270@example.com,Jaipur,9758672936,2026-02-28
271,Isabella,Martinez,customer271@example.com,Mumbai,9151172075,2026-05-30
272,David,Smith,customer272@example.com,Mumbai,9601033424,2026-02-07
273,Olivia,Jones,customer273@example.com,Lucknow,9681866720,2025-08-13
274,David,Garcia,customer274@example.com,Ahmedabad,9975560002,2025-10-29
275,Ava,Martinez,customer275@example.com,Bangalore,9797606867,2025-08-17
276,David,Johnson,customer276@example.com,Mumbai,9947679242,2026-07-10
277,Sophia,Smith,customer277@example.com,Ahmedabad,9650842324,2026-03-30
278,Olivia,Miller,customer278@example.com,Ahmedabad,9260262258,2025-11-20
279,Isabella,Garcia,customer279@example.com,Mumbai,9317003785,2025-09-30
280,Olivia,Johnson,customer280@example.com,Pune,9557367170,2025-07-18
281,James,Smith,customer281@example.com,Mumbai,9935396209,2026-02-05
282,Ava,Martinez,customer282@example.com,Pune,9104895612,2025-07-30
283,Sophia,Miller,customer283@example.com,Delhi,9697022407,2025-09-30
284,John,Miller,customer284@example.com,Chennai,9167332455,2025-11-16
285,David,Smith,customer285@example.com,Pune,9427467550,2025-08-24
286,Isabella,Martinez,customer286@example.com,Bangalore,9936312232,2025-08-08
287,Robert,Rodriguez,customer287@example.com,Kolkata,9167572281,2026-01-26
288,Ava,Rodriguez,customer288@example.com,Hyderabad,9261612971,2026-01-27
289,Emma,Martinez,customer289@example.com,Ahmedabad,9888948585,2025-11-01
290,Ava,Williams,customer290@example.com,Kolkata,9773753188,2025-09-19
291,David,Smith,customer291@example.com,Pune,9872200450,2025-10-30
292,John,Williams,customer292@example.com,Delhi,9626645576,2026-02-11
293,Isabella,Rodriguez,customer293@example.com,Hyderabad,9415556260,2026-05-17
294,Olivia,Williams,customer294@example.com,Kolkata,9640346916,2026-02-22
295,Robert,Martinez,customer295@example.com,Delhi,9617774097,2026-04-11
296,Sophia,Miller,customer296@example.com,Ahmedabad,9877696417,2025-08-07
297,Michael,Johnson,customer297@example.com,Hyderabad,9806953076,2025-07-21
298,John,Martinez,customer298@example.com,Hyderabad,9453764235,2026-04-09
299,Emma,Miller,customer299@example.com,Hyderabad,9449959730,2026-07-09
300,Isabella,Davis,customer300@example.com,Bangalore,9821386076,2025-11-24
301,Robert,Miller,customer301@example.com,Ahmedabad,9427557329,2025-09-14
302,Ava,Davis,customer302@example.com,Ahmedabad,9284945581,2026-07-12
303,Olivia,Garcia,customer303@example.com,Lucknow,9405789278,2026-07-02
304,David,Rodriguez,customer304@example.com,Delhi,9279142644,2025-07-19
305,Emma,Garcia,customer305@example.com,Pune,9111363218,2025-08-13
306,Michael,Williams,customer306@example.com,Delhi,9578551129,2026-02-04
307,Olivia,Smith,customer307@example.com,Lucknow,9669128565,2025-10-19
308,Robert,Brown,customer308@example.com,Kolkata,9516683622,2026-06-21
309,Emma,Rodriguez,customer309@example.com,Ahmedabad,9366973942,2026-01-30
310,James,Williams,customer310@example.com,Hyderabad,9403835206,2026-04-19
311,James,Garcia,customer311@example.com,Lucknow,9753385306,2025-10-04
312,Sophia,Martinez,customer312@example.com,Mumbai,9297161700,2026-05-03
313,Robert,Brown,customer313@example.com,Chennai,9490042158,2025-08-18
314,James,Brown,customer314@example.com,Ahmedabad,9950987284,2026-07-09
315,Olivia,Williams,customer315@example.com,Delhi,9188902042,2026-02-03
316,Isabella,Davis,customer316@example.com,Kolkata,9776984943,2025-09-14
317,David,Jones,customer317@example.com,Bangalore,9283468573,2026-02-08
318,Emma,Garcia,customer318@example.com,Hyderabad,9596538205,2025-07-20
319,Michael,Johnson,customer319@example.com,Delhi,9172253974,2026-07-07
320,James,Smith,customer320@example.com,Delhi,9963412400,2025-12-27
321,Michael,Williams,customer321@example.com,Pune,9536289265,2026-04-11
322,Olivia,Johnson,customer322@example.com,Bangalore,9948010439,2025-08-02
323,Isabella,Garcia,customer323@example.com,Jaipur,9149735409,2025-08-28
324,Ava,Miller,customer324@example.com,Mumbai,9698451107,2026-04-24
325,Ava,Brown,customer325@example.com,Chennai,9574466331,2025-11-01
326,Olivia,Williams,customer326@example.com,Pune,9455412848,2025-09-04
327,Olivia,Brown,customer327@example.com,Mumbai,9265974288,2026-02-05
328,John,Johnson,customer328@example.com,Lucknow,9331614845,2025-10-08
329,Sophia,Williams,customer329@example.com,Ahmedabad,9827106701,2025-09-07
330,Emma,Jones,customer330@example.com,Mumbai,9671728989,2026-02-27
331,Ava,Davis,customer331@example.com,Ahmedabad,9527699187,2026-05-11
332,John,Brown,customer332@example.com,Kolkata,9114276750,2026-03-23
333,David,Brown,customer333@example.com,Chennai,9449106102,2026-05-17
334,John,Williams,customer334@example.com,Hyderabad,9472536792,2026-01-02
335,David,Johnson,customer335@example.com,Mumbai,9544073278,2025-12-18
336,Michael,Miller,customer336@example.com,Delhi,9584703693,2026-05-26
337,Olivia,Miller,customer337@example.com,Ahmedabad,9913359341,2025-09-03
338,Michael,Rodriguez,customer338@example.com,Hyderabad,9252457262,2025-09-19
339,Emma,Garcia,customer339@example.com,Bangalore,9848147255,2025-11-29
340,Olivia,Rodriguez,customer340@example.com,Kolkata,9282749825,2025-12-29
341,Robert,Williams,customer341@example.com,Jaipur,9885389349,2025-07-23
342,Ava,Martinez,customer342@example.com,Kolkata,9839683325,2025-11-02
343,Sophia,Jones,customer343@example.com,Bangalore,9552084262,2026-03-12
344,Sophia,Jones,customer344@example.com,Lucknow,9434122336,2025-07-21
345,John,Garcia,customer345@example.com,Bangalore,9397226900,2026-07-08
346,Isabella,Davis,customer346@example.com,Delhi,9311905501,2025-08-24
347,John,Brown,customer347@example.com,Bangalore,9242382477,2026-06-08
348,Isabella,Martinez,customer348@example.com,Jaipur,9678550882,2025-07-26
349,Ava,Davis,customer349@example.com,Delhi,9246804984,2026-03-29
350,David,Williams,customer350@example.com,Jaipur,9305162994,2025-07-17
351,Emma,Johnson,customer351@example.com,Pune,9156874441,2026-06-24
352,Isabella,Rodriguez,customer352@example.com,Delhi,9487998769,2026-04-06
353,Sophia,Martinez,customer353@example.com,Jaipur,9852581673,2025-09-06
354,Robert,Rodriguez,customer354@example.com,Lucknow,9752159381,2026-01-11
355,Robert,Rodriguez,customer355@example.com,Delhi,9136918181,2025-10-09
356,Emma,Rodriguez,customer356@example.com,Lucknow,9889412581,2025-12-09
357,Ava,Davis,customer357@example.com,Hyderabad,9414102029,2025-07-15
358,Robert,Jones,customer358@example.com,Mumbai,9810181439,2026-02-12
359,Robert,Garcia,customer359@example.com,Chennai,9232691906,2025-08-22
360,Olivia,Miller,customer360@example.com,Kolkata,9679674064,2026-07-03
361,Robert,Davis,customer361@example.com,Chennai,9133135748,2026-01-03
362,David,Martinez,customer362@example.com,Lucknow,9548191195,2025-08-04
363,Michael,Williams,customer363@example.com,Hyderabad,9228234285,2026-01-30
364,Ava,Martinez,customer364@example.com,Pune,9650864381,2026-04-14
365,Isabella,Jones,customer365@example.com,Ahmedabad,9779862943,2025-10-12
366,Michael,Davis,customer366@example.com,Jaipur,9700005734,2026-04-29
367,Robert,Johnson,customer367@example.com,Ahmedabad,9420164206,2025-08-18
368,James,Miller,customer368@example.com,Bangalore,9375274265,2025-09-02
369,Emma,Williams,customer369@example.com,Chennai,9598737520,2026-06-25
370,John,Martinez,customer370@example.com,Kolkata,9268630685,2026-02-04
371,Ava,Williams,customer371@example.com,Chennai,9438225832,2026-06-21
372,Isabella,Rodriguez,customer372@example.com,Hyderabad,9895005444,2026-04-14
373,Olivia,Davis,customer373@example.com,Hyderabad,9673074940,2026-04-26
374,Ava,Rodriguez,customer374@example.com,Hyderabad,9394006866,2025-11-05
375,Emma,Smith,customer375@example.com,Bangalore,9364474062,2025-08-27
376,James,Davis,customer376@example.com,Jaipur,9452032893,2026-05-31
377,Ava,Johnson,customer377@example.com,Pune,9620341097,2026-01-06
378,Michael,Johnson,customer378@example.com,Lucknow,9822128445,2026-05-27
379,James,Martinez,customer379@example.com,Pune,9889163642,2025-12-19
380,Robert,Rodriguez,customer380@example.com,Kolkata,9741071634,2025-12-31
381,Isabella,Williams,customer381@example.com,Hyderabad,9387726342,2025-09-21
382,Sophia,Garcia,customer382@example.com,Mumbai,9779427746,2026-05-25
383,John,Smith,customer383@example.com,Pune,9599810179,2026-06-25
384,Emma,Smith,customer384@example.com,Kolkata,9556187340,2025-10-22
385,Isabella,Garcia,customer385@example.com,Jaipur,9856067041,2025-08-20
386,Emma,Johnson,customer386@example.com,Mumbai,9802391164,2025-12-25
387,Isabella,Miller,customer387@example.com,Kolkata,9540507078,2026-04-19
388,Olivia,Garcia,customer388@example.com,Ahmedabad,9701429253,2025-10-11
389,James,Jones,customer389@example.com,Jaipur,9845342476,2025-08-28
390,Emma,Miller,customer390@example.com,Pune,9694114085,2026-03-20
391,John,Brown,customer391@example.com,Kolkata,9389331483,2025-08-30
392,Olivia,Martinez,customer392@example.com,Ahmedabad,9478120860,2025-10-31
393,Robert,Miller,customer393@example.com,Ahmedabad,9287439819,2025-08-08
394,David,Williams,customer394@example.com,Lucknow,9926342122,2025-11-10
395,Ava,Williams,customer395@example.com,Lucknow,9898620482,2025-10-12
396,Robert,Martinez,customer396@example.com,Lucknow,9369345470,2025-07-13
397,Isabella,Miller,customer397@example.com,Ahmedabad,9323943019,2026-04-13
398,David,Jones,customer398@example.com,Jaipur,9920849415,2025-12-17
399,Emma,Martinez,customer399@example.com,Hyderabad,9434011021,2026-06-12
400,Ava,Williams,customer400@example.com,Mumbai,9443934508,2026-03-09
401,Ava,Miller,customer401@example.com,Jaipur,9112037157,2026-01-01
402,David,Garcia,customer402@example.com,Jaipur,9409501286,2025-12-10
403,Michael,Brown,customer403@example.com,Chennai,9560966679,2026-02-13
404,John,Davis,customer404@example.com,Hyderabad,9174241080,2025-11-27
405,Emma,Johnson,customer405@example.com,Mumbai,9966243600,2025-10-07
406,Ava,Smith,customer406@example.com,Jaipur,9413791648,2026-05-09
407,John,Brown,customer407@example.com,Hyderabad,9211632007,2026-03-29
408,Ava,Davis,customer408@example.com,Pune,9292976647,2025-07-18
409,Robert,Johnson,customer409@example.com,Lucknow,9239904549,2025-12-02
410,Emma,Miller,customer410@example.com,Ahmedabad,9869638433,2025-11-09
411,Emma,Rodriguez,customer411@example.com,Pune,9270960224,2025-12-10
412,Emma,Johnson,customer412@example.com,Kolkata,9117271765,2026-01-17
413,James,Miller,customer413@example.com,Delhi,9767848825,2025-09-01
414,Robert,Williams,customer414@example.com,Hyderabad,9530618232,2025-10-27
415,Ava,Johnson,customer415@example.com,Jaipur,9983608703,2026-01-12
416,Isabella,Jones,customer416@example.com,Hyderabad,9913775532,2025-11-14
417,Sophia,Rodriguez,customer417@example.com,Bangalore,9602161681,2026-05-18
418,Isabella,Johnson,customer418@example.com,Delhi,9621203169,2025-12-16
419,Isabella,Miller,customer419@example.com,Delhi,9944771603,2025-12-04
420,Robert,Smith,customer420@example.com,Pune,9107278275,2026-06-16
421,James,Martinez,customer421@example.com,Pune,9675225696,2026-02-11
422,Emma,Williams,customer422@example.com,Kolkata,9744378593,2025-11-21
423,Sophia,Garcia,customer423@example.com,Ahmedabad,9465940846,2025-11-30
424,Isabella,Garcia,customer424@example.com,Jaipur,9701415968,2025-07-14
425,Michael,Johnson,customer425@example.com,Lucknow,9719280676,2025-07-24
426,Robert,Jones,customer426@example.com,Mumbai,9629340126,2026-06-09
427,Sophia,Smith,customer427@example.com,Mumbai,9898466535,2025-09-07
428,Sophia,Miller,customer428@example.com,Chennai,9776457888,2026-03-21
429,Michael,Rodriguez,customer429@example.com,Chennai,9807282225,2025-08-05
430,Robert,Brown,customer430@example.com,Ahmedabad,9224435442,2026-06-02
431,John,Garcia,customer431@example.com,Mumbai,9826920736,2025-11-05
432,James,Williams,customer432@example.com,Jaipur,9670108373,2025-09-15
433,John,Brown,customer433@example.com,Hyderabad,9949618936,2026-03-27
434,Robert,Garcia,customer434@example.com,Ahmedabad,9455574285,2026-04-03
435,David,Rodriguez,customer435@example.com,Mumbai,9808908994,2026-05-30
436,Robert,Miller,customer436@example.com,Bangalore,9867664127,2026-01-17
437,Ava,Jones,customer437@example.com,Ahmedabad,9880157415,2026-05-08
438,James,Miller,customer438@example.com,Pune,9180734752,2026-06-23
439,Emma,Smith,customer439@example.com,Delhi,9420329000,2026-05-01
440,Emma,Garcia,customer440@example.com,Lucknow,9448993092,2025-08-20
441,Robert,Garcia,customer441@example.com,Chennai,9465304163,2025-08-30
442,John,Johnson,customer442@example.com,Ahmedabad,9692854423,2026-05-12
443,Robert,Brown,customer443@example.com,Ahmedabad,9861630877,2025-08-02
444,Isabella,Williams,customer444@example.com,Mumbai,9864689330,2025-10-24
445,Sophia,Jones,customer445@example.com,Bangalore,9673588604,2026-03-23
446,James,Rodriguez,customer446@example.com,Kolkata,9297742130,2025-10-17
447,Olivia,Smith,customer447@example.com,Delhi,9225631924,2026-02-02
448,Sophia,Davis,customer448@example.com,Mumbai,9872429972,2026-06-05
449,Robert,Miller,customer449@example.com,Kolkata,9528735805,2025-12-03
450,Robert,Smith,customer450@example.com,Kolkata,9532074317,2025-10-21
451,Michael,Garcia,customer451@example.com,Bangalore,9884167653,2026-05-21
452,David,Smith,customer452@example.com,Mumbai,9819610427,2026-04-08
453,Sophia,Williams,customer453@example.com,Mumbai,9428114458,2026-03-03
454,Emma,Williams,customer454@example.com,Mumbai,9134592753,2025-12-27
455,David,Miller,customer455@example.com,Lucknow,9262466310,2025-11-16
456,James,Davis,customer456@example.com,Kolkata,9320317657,2026-02-24
457,John,Williams,customer457@example.com,Kolkata,9111716576,2025-10-02
458,James,Martinez,customer458@example.com,Mumbai,9775764467,2025-11-05
459,John,Jones,customer459@example.com,Mumbai,9121447365,2025-10-13
460,John,Garcia,customer460@example.com,Bangalore,9913142944,2026-01-06
461,Olivia,Brown,customer461@example.com,Hyderabad,9688742542,2026-04-04
462,David,Williams,customer462@example.com,Jaipur,9248007150,2026-06-27
463,James,Garcia,customer463@example.com,Ahmedabad,9936154313,2025-12-08
464,David,Davis,customer464@example.com,Pune,9757714917,2025-10-15
465,Emma,Johnson,customer465@example.com,Delhi,9560426830,2025-10-29
466,David,Miller,customer466@example.com,Mumbai,9465816428,2026-02-08
467,John,Miller,customer467@example.com,Mumbai,9657915999,2026-06-02
468,James,Jones,customer468@example.com,Delhi,9785495635,2025-10-30
469,Ava,Martinez,customer469@example.com,Jaipur,9583783532,2025-09-11
470,Michael,Williams,customer470@example.com,Ahmedabad,9586272202,2026-05-23
471,James,Johnson,customer471@example.com,Jaipur,9476893487,2026-03-26
472,Ava,Williams,customer472@example.com,Jaipur,9302196947,2025-12-30
473,Emma,Miller,customer473@example.com,Ahmedabad,9221679704,2025-09-26
474,Ava,Garcia,customer474@example.com,Chennai,9172465525,2025-08-24
475,Emma,Smith,customer475@example.com,Delhi,9708817746,2025-10-15
476,Robert,Jones,customer476@example.com,Chennai,9386195920,2026-02-17
477,David,Garcia,customer477@example.com,Ahmedabad,9362813491,2025-07-27
478,Olivia,Williams,customer478@example.com,Bangalore,9363691672,2026-02-02
479,Ava,Garcia,customer479@example.com,Jaipur,9441763771,2025-08-22
480,Olivia,Garcia,customer480@example.com,Lucknow,9209529870,2026-03-26
481,Ava,Smith,customer481@example.com,Ahmedabad,9254264077,2025-12-13
482,Michael,Martinez,customer482@example.com,Jaipur,9165966894,2025-11-25
483,Michael,Martinez,customer483@example.com,Bangalore,9275537564,2026-05-25
484,Sophia,Rodriguez,customer484@example.com,Pune,9273610010,2025-11-10
485,David,Martinez,customer485@example.com,Kolkata,9839346027,2026-02-19
486,David,Smith,customer486@example.com,Ahmedabad,9480951640,2025-12-13
487,James,Garcia,customer487@example.com,Lucknow,9582697635,2026-06-21
488,David,Davis,customer488@example.com,Jaipur,9483913775,2025-09-08
489,Ava,Williams,customer489@example.com,Delhi,9829607293,2026-03-09
490,John,Johnson,customer490@example.com,Ahmedabad,9366451897,2025-09-20
491,Sophia,Rodriguez,customer491@example.com,Jaipur,9484115677,2026-04-26
492,Michael,Brown,customer492@example.com,Chennai,9440540777,2025-11-20
493,Michael,Smith,customer493@example.com,Hyderabad,9880287888,2026-01-16
494,Olivia,Jones,customer494@example.com,Delhi,9556839421,2025-10-27
495,Michael,Brown,customer495@example.com,Chennai,9500463558,2026-01-11
496,Olivia,Rodriguez,customer496@example.com,Mumbai,9684616337,2026-02-02
497,John,Garcia,customer497@example.com,Chennai,9530776836,2025-12-31
498,James,Jones,customer498@example.com,Bangalore,9883844061,2025-10-19
499,David,Martinez,customer499@example.com,Hyderabad,9460018202,2026-06-09
500,Emma,Martinez,customer500@example.com,Pune,9468948541,2026-04-05
501,Olivia,Brown,customer501@example.com,Jaipur,9180066022,2025-07-28
502,Isabella,Miller,customer502@example.com,Ahmedabad,9214017503,2025-11-24
503,Emma,Garcia,customer503@example.com,Lucknow,9202511534,2025-09-17
504,John,Williams,customer504@example.com,Kolkata,9408063585,2025-11-04
505,Michael,Johnson,customer505@example.com,Ahmedabad,9679158062,2026-04-01
506,Michael,Brown,customer506@example.com,Hyderabad,9616807631,2026-03-10
507,Sophia,Smith,customer507@example.com,Ahmedabad,9535386231,2026-01-09
508,Isabella,Johnson,customer508@example.com,Lucknow,9371753927,2025-09-27
509,Ava,Martinez,customer509@example.com,Hyderabad,9248993576,2025-11-26
510,Ava,Jones,customer510@example.com,Bangalore,9161657888,2026-04-03
511,James,Brown,customer511@example.com,Lucknow,9442130822,2025-12-07
512,Sophia,Jones,customer512@example.com,Ahmedabad,9248968933,2026-04-26
513,Olivia,Miller,customer513@example.com,Mumbai,9442916443,2026-01-09
514,Robert,Garcia,customer514@example.com,Chennai,9607815402,2025-08-30
515,Robert,Davis,customer515@example.com,Mumbai,9903236717,2025-12-05
516,Michael,Garcia,customer516@example.com,Ahmedabad,9764746187,2025-11-11
517,Robert,Martinez,customer517@example.com,Delhi,9599351071,2025-12-14
518,Isabella,Martinez,customer518@example.com,Pune,9981552676,2026-06-29
519,Olivia,Miller,customer519@example.com,Kolkata,9445154447,2025-11-09
520,Sophia,Smith,customer520@example.com,Jaipur,9558950928,2025-12-09
521,David,Brown,customer521@example.com,Kolkata,9400696908,2025-08-26
522,Emma,Davis,customer522@example.com,Jaipur,9110185777,2026-03-14
523,Robert,Davis,customer523@example.com,Lucknow,9676197291,2025-12-08
524,Robert,Williams,customer524@example.com,Pune,9110139604,2026-02-16
525,Emma,Davis,customer525@example.com,Bangalore,9439950690,2025-11-20
526,James,Martinez,customer526@example.com,Chennai,9548071056,2025-10-22
527,Sophia,Davis,customer527@example.com,Pune,9608939995,2025-11-30
528,James,Rodriguez,customer528@example.com,Delhi,9613695228,2025-10-28
529,Michael,Smith,customer529@example.com,Hyderabad,9276697392,2025-07-25
530,Olivia,Miller,customer530@example.com,Delhi,9526608348,2025-11-30
531,John,Rodriguez,customer531@example.com,Delhi,9574956309,2025-07-26
532,John,Miller,customer532@example.com,Pune,9243091285,2026-05-19
533,Michael,Rodriguez,customer533@example.com,Ahmedabad,9241191811,2025-10-22
534,John,Brown,customer534@example.com,Lucknow,9730987327,2026-03-24
535,David,Rodriguez,customer535@example.com,Delhi,9465798448,2026-05-21
536,James,Davis,customer536@example.com,Pune,9692133189,2026-06-09
537,Robert,Miller,customer537@example.com,Bangalore,9991155246,2025-07-30
538,Ava,Brown,customer538@example.com,Kolkata,9273469248,2026-04-24
539,Ava,Johnson,customer539@example.com,Hyderabad,9787288748,2026-05-04
540,Sophia,Jones,customer540@example.com,Lucknow,9814515722,2026-07-05
541,Isabella,Rodriguez,customer541@example.com,Mumbai,9876538136,2026-07-02
542,Olivia,Davis,customer542@example.com,Jaipur,9758358880,2026-05-14
543,Isabella,Jones,customer543@example.com,Mumbai,9302914395,2025-09-20
544,Olivia,Davis,customer544@example.com,Mumbai,9750477900,2026-03-30
545,Olivia,Rodriguez,customer545@example.com,Kolkata,9949631636,2026-05-06
546,John,Jones,customer546@example.com,Pune,9100641559,2026-02-23
547,Olivia,Smith,customer547@example.com,Delhi,9557835664,2026-06-24
548,Isabella,Johnson,customer548@example.com,Mumbai,9927897648,2026-02-17
549,Isabella,Smith,customer549@example.com,Chennai,9418514013,2025-10-02
550,Olivia,Smith,customer550@example.com,Chennai,9100478579,2025-12-31
551,David,Johnson,customer551@example.com,Delhi,9919840821,2025-07-23
552,Robert,Johnson,customer552@example.com,Delhi,9444798538,2026-04-12
553,Michael,Brown,customer553@example.com,Kolkata,9701615407,2026-01-13
554,Emma,Rodriguez,customer554@example.com,Ahmedabad,9855638914,2025-12-01
555,Sophia,Rodriguez,customer555@example.com,Ahmedabad,9822775271,2025-08-12
556,Emma,Rodriguez,customer556@example.com,Kolkata,9187230772,2025-11-05
557,Ava,Smith,customer557@example.com,Kolkata,9697827237,2026-03-13
558,John,Jones,customer558@example.com,Ahmedabad,9290210435,2025-10-23
559,David,Jones,customer559@example.com,Ahmedabad,9956761527,2025-08-06
560,Emma,Rodriguez,customer560@example.com,Delhi,9277355201,2025-12-13
561,Emma,Davis,customer561@example.com,Hyderabad,9554576706,2026-01-22
562,Ava,Williams,customer562@example.com,Hyderabad,9198150116,2026-02-18
563,Robert,Davis,customer563@example.com,Chennai,9384655475,2026-05-02
564,Sophia,Davis,customer564@example.com,Chennai,9535908201,2026-06-03
565,Sophia,Garcia,customer565@example.com,Chennai,9743271208,2026-03-16
566,James,Davis,customer566@example.com,Jaipur,9846605884,2026-03-07
567,Ava,Smith,customer567@example.com,Jaipur,9855140156,2025-11-04
568,Robert,Davis,customer568@example.com,Bangalore,9695746124,2025-11-14
569,Michael,Jones,customer569@example.com,Lucknow,9962908643,2025-09-16
570,Olivia,Garcia,customer570@example.com,Jaipur,9671369086,2026-01-25
571,Sophia,Brown,customer571@example.com,Ahmedabad,9322652504,2025-11-09
572,Olivia,Johnson,customer572@example.com,Ahmedabad,9922390839,2026-05-28
573,Isabella,Jones,customer573@example.com,Pune,9278740421,2025-11-25
574,Olivia,Jones,customer574@example.com,Lucknow,9103493374,2025-10-08
575,David,Williams,customer575@example.com,Delhi,9415615152,2026-05-18
576,John,Martinez,customer576@example.com,Hyderabad,9349455558,2026-03-27
577,Michael,Brown,customer577@example.com,Chennai,9664278572,2025-10-02
578,David,Martinez,customer578@example.com,Chennai,9377566333,2025-12-17
579,Olivia,Johnson,customer579@example.com,Chennai,9653523215,2025-11-27
580,Olivia,Williams,customer580@example.com,Delhi,9195745349,2026-03-29
581,Emma,Brown,customer581@example.com,Delhi,9344839655,2026-05-02
582,Ava,Miller,customer582@example.com,Jaipur,9589095801,2026-02-16
583,Robert,Rodriguez,customer583@example.com,Chennai,9292541891,2026-05-21
584,John,Johnson,customer584@example.com,Hyderabad,9949918992,2026-04-04
585,David,Garcia,customer585@example.com,Ahmedabad,9803794358,2025-09-13
586,John,Garcia,customer586@example.com,Pune,9367743066,2025-11-07
587,Olivia,Smith,customer587@example.com,Ahmedabad,9187020108,2025-12-01
588,David,Williams,customer588@example.com,Kolkata,9664520770,2025-10-10
589,Isabella,Davis,customer589@example.com,Bangalore,9132319202,2026-01-25
590,John,Johnson,customer590@example.com,Lucknow,9682966189,2025-09-26
591,Sophia,Rodriguez,customer591@example.com,Bangalore,9366507852,2026-05-03
592,Michael,Miller,customer592@example.com,Bangalore,9124867138,2026-06-28
593,Isabella,Brown,customer593@example.com,Mumbai,9300294396,2026-01-10
594,Olivia,Williams,customer594@example.com,Mumbai,9429688659,2026-03-27
595,Ava,Rodriguez,customer595@example.com,Kolkata,9498841185,2026-05-05
596,Robert,Garcia,customer596@example.com,Bangalore,9961620635,2025-12-16
597,Michael,Williams,customer597@example.com,Mumbai,9750088811,2026-06-20
598,James,Rodriguez,customer598@example.com,Jaipur,9938265663,2025-07-14
599,James,Johnson,customer599@example.com,Delhi,9749059439,2026-07-05
600,Emma,Rodriguez,customer600@example.com,Hyderabad,9455689772,2026-06-23
601,John,Jones,customer601@example.com,Kolkata,9837282134,2025-10-17
602,Sophia,Garcia,customer602@example.com,Hyderabad,9128006207,2026-03-09
603,James,Garcia,customer603@example.com,Mumbai,9473601217,2026-02-19
604,David,Rodriguez,customer604@example.com,Pune,9655734341,2025-11-28
605,John,Martinez,customer605@example.com,Lucknow,9944552457,2025-08-31
606,Ava,Rodriguez,customer606@example.com,Mumbai,9493043412,2026-01-02
607,Robert,Martinez,customer607@example.com,Chennai,9379184349,2025-11-01
608,Sophia,Jones,customer608@example.com,Hyderabad,9471538894,2026-01-01
609,Robert,Williams,customer609@example.com,Kolkata,9178024821,2025-12-27
610,Robert,Martinez,customer610@example.com,Kolkata,9679561344,2025-07-26
611,Isabella,Martinez,customer611@example.com,Ahmedabad,9890104154,2026-06-07
612,Isabella,Brown,customer612@example.com,Hyderabad,9316557513,2026-03-08
613,John,Brown,customer613@example.com,Kolkata,9716382954,2025-08-10
614,John,Jones,customer614@example.com,Ahmedabad,9442922364,2025-07-18
615,James,Williams,customer615@example.com,Jaipur,9435796052,2026-06-28
616,Ava,Miller,customer616@example.com,Mumbai,9857219443,2026-06-15
617,Ava,Davis,customer617@example.com,Hyderabad,9673527074,2026-03-13
618,Ava,Brown,customer618@example.com,Ahmedabad,9259563232,2026-05-27
619,David,Johnson,customer619@example.com,Pune,9153499638,2026-03-15
620,Robert,Davis,customer620@example.com,Delhi,9753386667,2025-09-05
621,David,Rodriguez,customer621@example.com,Bangalore,9563262520,2025-11-11
622,Olivia,Miller,customer622@example.com,Bangalore,9154879165,2026-06-12
623,Robert,Davis,customer623@example.com,Kolkata,9266686466,2025-11-22
624,Olivia,Johnson,customer624@example.com,Lucknow,9853050033,2025-07-24
625,Olivia,Davis,customer625@example.com,Kolkata,9610712554,2026-05-05
626,Isabella,Garcia,customer626@example.com,Delhi,9727088110,2025-12-18
627,Olivia,Garcia,customer627@example.com,Mumbai,9372319090,2026-02-16
628,John,Brown,customer628@example.com,Hyderabad,9878689095,2026-07-08
629,Sophia,Johnson,customer629@example.com,Kolkata,9416683312,2025-11-28
630,Ava,Davis,customer630@example.com,Jaipur,9479997217,2026-01-17
631,Michael,Garcia,customer631@example.com,Ahmedabad,9106229884,2026-01-20
632,Olivia,Rodriguez,customer632@example.com,Delhi,9940692534,2025-12-06
633,Isabella,Davis,customer633@example.com,Mumbai,9940831000,2025-07-21
634,Michael,Davis,customer634@example.com,Lucknow,9129544676,2026-02-12
635,Ava,Brown,customer635@example.com,Kolkata,9296826905,2026-01-06
636,Michael,Smith,customer636@example.com,Ahmedabad,9669278550,2025-09-21
637,Ava,Garcia,customer637@example.com,Chennai,9886186927,2025-10-05
638,Ava,Davis,customer638@example.com,Lucknow,9911221011,2025-07-26
639,Sophia,Smith,customer639@example.com,Jaipur,9174500585,2025-09-29
640,Emma,Brown,customer640@example.com,Mumbai,9444344066,2026-03-19
641,James,Smith,customer641@example.com,Jaipur,9966453603,2025-09-14
642,Isabella,Davis,customer642@example.com,Bangalore,9962524303,2025-11-24
643,Olivia,Smith,customer643@example.com,Delhi,9744440595,2026-05-08
644,Ava,Jones,customer644@example.com,Mumbai,9424910975,2025-08-08
645,Ava,Rodriguez,customer645@example.com,Jaipur,9145179557,2026-04-09
646,David,Miller,customer646@example.com,Jaipur,9539061888,2026-05-03
647,Isabella,Martinez,customer647@example.com,Kolkata,9759713575,2026-01-28
648,Isabella,Jones,customer648@example.com,Jaipur,9489809042,2025-08-23
649,Robert,Rodriguez,customer649@example.com,Jaipur,9328963091,2026-02-19
650,Sophia,Miller,customer650@example.com,Pune,9284380302,2026-06-07
651,Michael,Brown,customer651@example.com,Pune,9461405618,2025-08-28
652,Olivia,Smith,customer652@example.com,Jaipur,9759498075,2025-08-16
653,Sophia,Miller,customer653@example.com,Kolkata,9151361508,2026-05-03
654,David,Martinez,customer654@example.com,Ahmedabad,9591896816,2026-02-22
655,Sophia,Jones,customer655@example.com,Pune,9636661358,2026-02-28
656,Olivia,Martinez,customer656@example.com,Pune,9767420265,2025-08-05
657,Ava,Miller,customer657@example.com,Bangalore,9805390532,2026-01-29
658,Olivia,Davis,customer658@example.com,Ahmedabad,9399519838,2025-09-04
659,Isabella,Jones,customer659@example.com,Mumbai,9205875244,2026-05-09
660,Emma,Williams,customer660@example.com,Lucknow,9621886486,2026-02-18
661,Isabella,Brown,customer661@example.com,Hyderabad,9505900781,2026-02-23
662,Emma,Johnson,customer662@example.com,Jaipur,9839175798,2025-09-30
663,Sophia,Rodriguez,customer663@example.com,Chennai,9754465450,2026-07-10
664,Olivia,Martinez,customer664@example.com,Chennai,9275055194,2026-01-24
665,Olivia,Johnson,customer665@example.com,Lucknow,9924384712,2025-10-05
666,James,Jones,customer666@example.com,Mumbai,9223452116,2026-01-23
667,Emma,Smith,customer667@example.com,Kolkata,9530719086,2026-04-13
668,James,Davis,customer668@example.com,Ahmedabad,9884990636,2025-12-25
669,James,Martinez,customer669@example.com,Ahmedabad,9631838278,2026-01-23
670,John,Williams,customer670@example.com,Jaipur,9882241491,2026-06-25
671,Sophia,Johnson,customer671@example.com,Lucknow,9186697130,2025-10-27
672,Emma,Garcia,customer672@example.com,Ahmedabad,9351960311,2025-10-17
673,John,Johnson,customer673@example.com,Jaipur,9286075222,2025-07-15
674,Isabella,Williams,customer674@example.com,Chennai,9642671361,2025-09-05
675,David,Brown,customer675@example.com,Lucknow,9451612617,2025-11-14
676,Ava,Jones,customer676@example.com,Kolkata,9121708794,2025-09-21
677,James,Rodriguez,customer677@example.com,Chennai,9911979669,2025-11-24
678,David,Jones,customer678@example.com,Bangalore,9209543615,2025-12-15
679,John,Smith,customer679@example.com,Kolkata,9934793877,2026-05-31
680,Olivia,Brown,customer680@example.com,Bangalore,9753973215,2026-01-23
681,David,Garcia,customer681@example.com,Hyderabad,9960431833,2025-08-03
682,Isabella,Martinez,customer682@example.com,Ahmedabad,9674329094,2026-06-23
683,Isabella,Miller,customer683@example.com,Delhi,9602906105,2025-08-07
684,Sophia,Rodriguez,customer684@example.com,Mumbai,9593510450,2026-04-01
685,David,Jones,customer685@example.com,Chennai,9587764769,2026-01-03
686,David,Jones,customer686@example.com,Lucknow,9990099813,2026-07-07
687,Sophia,Jones,customer687@example.com,Kolkata,9716065255,2026-02-14
688,John,Davis,customer688@example.com,Mumbai,9347312807,2026-03-16
689,Isabella,Garcia,customer689@example.com,Pune,9811971554,2026-02-28
690,Emma,Martinez,customer690@example.com,Lucknow,9313989892,2025-10-06
691,John,Brown,customer691@example.com,Lucknow,9299656535,2026-04-11
692,Emma,Martinez,customer692@example.com,Bangalore,9159627249,2025-07-30
693,Michael,Johnson,customer693@example.com,Lucknow,9278087075,2026-05-26
694,Isabella,Garcia,customer694@example.com,Mumbai,9754454764,2025-08-06
695,James,Rodriguez,customer695@example.com,Mumbai,9321297963,2025-12-21
696,Michael,Davis,customer696@example.com,Lucknow,9401391069,2025-11-12
697,Michael,Miller,customer697@example.com,Ahmedabad,9826454429,2026-01-01
698,David,Brown,customer698@example.com,Mumbai,9979781328,2026-06-23
699,Emma,Smith,customer699@example.com,Delhi,9265422568,2025-09-15
700,Isabella,Jones,customer700@example.com,Bangalore,9125543000,2025-11-28
701,Robert,Rodriguez,customer701@example.com,Hyderabad,9960656162,2025-10-18
702,Robert,Johnson,customer702@example.com,Ahmedabad,9427908708,2025-12-26
703,John,Brown,customer703@example.com,Lucknow,9184620668,2025-07-21
704,John,Miller,customer704@example.com,Jaipur,9396216637,2026-03-13
705,Ava,Garcia,customer705@example.com,Bangalore,9498435851,2026-05-29
706,Sophia,Williams,customer706@example.com,Jaipur,9213536000,2025-09-17
707,John,Williams,customer707@example.com,Delhi,9952195778,2026-05-02
708,Ava,Martinez,customer708@example.com,Kolkata,9201603503,2025-10-17
709,David,Garcia,customer709@example.com,Bangalore,9351805525,2026-05-10
710,Robert,Johnson,customer710@example.com,Delhi,9241102214,2025-10-27
711,John,Williams,customer711@example.com,Lucknow,9136995738,2025-12-19
712,Isabella,Johnson,customer712@example.com,Lucknow,9178042256,2025-08-08
713,John,Smith,customer713@example.com,Chennai,9357673690,2025-07-20
714,Robert,Williams,customer714@example.com,Ahmedabad,9105410633,2025-10-17
715,Robert,Garcia,customer715@example.com,Lucknow,9485199711,2025-09-03
716,Robert,Smith,customer716@example.com,Lucknow,9462850588,2026-02-07
717,Ava,Johnson,customer717@example.com,Jaipur,9333959759,2025-09-29
718,Michael,Jones,customer718@example.com,Delhi,9916741373,2025-10-11
719,Robert,Brown,customer719@example.com,Kolkata,9647109724,2026-01-30
720,Michael,Brown,customer720@example.com,Mumbai,9594803703,2026-04-18
721,Ava,Garcia,customer721@example.com,Mumbai,9746445518,2025-10-25
722,Sophia,Johnson,customer722@example.com,Bangalore,9253858925,2025-10-04
723,John,Williams,customer723@example.com,Bangalore,9822003556,2025-11-08
724,James,Miller,customer724@example.com,Lucknow,9954535477,2025-11-15
725,Robert,Garcia,customer725@example.com,Mumbai,9194401774,2026-05-25
726,David,Brown,customer726@example.com,Delhi,9389647457,2025-08-28
727,Isabella,Martinez,customer727@example.com,Ahmedabad,9313377890,2026-06-25
728,Ava,Jones,customer728@example.com,Mumbai,9316944478,2026-04-06
729,Robert,Brown,customer729@example.com,Jaipur,9821568172,2026-03-09
730,James,Davis,customer730@example.com,Bangalore,9882366558,2025-08-30
731,Olivia,Rodriguez,customer731@example.com,Chennai,9305699591,2025-07-30
732,John,Jones,customer732@example.com,Lucknow,9994001452,2026-05-31
733,David,Martinez,customer733@example.com,Chennai,9781761103,2025-12-09
734,Sophia,Rodriguez,customer734@example.com,Jaipur,9903702539,2025-10-25
735,Olivia,Garcia,customer735@example.com,Ahmedabad,9768213049,2026-03-05
736,Ava,Davis,customer736@example.com,Ahmedabad,9424241349,2026-01-18
737,Michael,Brown,customer737@example.com,Kolkata,9933405126,2026-06-30
738,John,Garcia,customer738@example.com,Delhi,9568457694,2025-09-20
739,Isabella,Miller,customer739@example.com,Hyderabad,9523907884,2026-06-20
740,Emma,Brown,customer740@example.com,Delhi,9762962760,2025-09-09
741,James,Martinez,customer741@example.com,Lucknow,9724465350,2026-04-23
742,John,Williams,customer742@example.com,Ahmedabad,9888914202,2025-11-12
743,Isabella,Rodriguez,customer743@example.com,Mumbai,9666164632,2026-03-22
744,Sophia,Williams,customer744@example.com,Delhi,9503375243,2025-09-21
745,David,Rodriguez,customer745@example.com,Mumbai,9465120462,2026-06-21
746,Isabella,Rodriguez,customer746@example.com,Hyderabad,9155050767,2025-12-17
747,Emma,Garcia,customer747@example.com,Kolkata,9452696947,2026-07-07
748,Ava,Garcia,customer748@example.com,Chennai,9830223556,2025-10-28
749,Robert,Williams,customer749@example.com,Hyderabad,9476395868,2026-07-10
750,David,Davis,customer750@example.com,Mumbai,9386042673,2025-08-17
751,Sophia,Johnson,customer751@example.com,Pune,9167798243,2026-06-01
752,David,Williams,customer752@example.com,Hyderabad,9273930637,2026-06-03
753,Michael,Miller,customer753@example.com,Chennai,9287613618,2025-10-20
754,Robert,Johnson,customer754@example.com,Ahmedabad,9237635990,2026-05-03
755,Sophia,Smith,customer755@example.com,Mumbai,9965897511,2026-05-15
756,Olivia,Miller,customer756@example.com,Delhi,9298150037,2026-04-21
757,Isabella,Jones,customer757@example.com,Ahmedabad,9665038871,2025-08-14
758,John,Jones,customer758@example.com,Hyderabad,9268648579,2025-07-17
759,John,Smith,customer759@example.com,Lucknow,9202668645,2025-09-05
760,Ava,Miller,customer760@example.com,Mumbai,9488653724,2025-10-17
761,Olivia,Johnson,customer761@example.com,Kolkata,9825055016,2025-10-07
762,Ava,Davis,customer762@example.com,Mumbai,9113663500,2026-07-01
763,David,Jones,customer763@example.com,Lucknow,9978992529,2025-07-23
764,Sophia,Jones,customer764@example.com,Kolkata,9394823476,2026-02-02
765,Ava,Davis,customer765@example.com,Jaipur,9174573270,2025-09-24
766,Robert,Johnson,customer766@example.com,Kolkata,9202381109,2026-06-03
767,David,Brown,customer767@example.com,Hyderabad,9663219662,2025-11-13
768,Olivia,Brown,customer768@example.com,Hyderabad,9568432280,2026-06-27
769,James,Jones,customer769@example.com,Bangalore,9787311489,2026-01-18
770,Robert,Rodriguez,customer770@example.com,Hyderabad,9309402352,2026-07-06
771,Olivia,Smith,customer771@example.com,Kolkata,9458127535,2026-05-03
772,David,Jones,customer772@example.com,Pune,9245265205,2026-04-15
773,Sophia,Davis,customer773@example.com,Mumbai,9415124055,2026-06-26
774,Isabella,Miller,customer774@example.com,Bangalore,9797954825,2026-01-30
775,Robert,Garcia,customer775@example.com,Jaipur,9688636015,2025-11-12
776,Isabella,Davis,customer776@example.com,Bangalore,9608717600,2025-10-22
777,David,Rodriguez,customer777@example.com,Jaipur,9572657259,2025-12-09
778,James,Miller,customer778@example.com,Delhi,9209951033,2025-11-09
779,Michael,Johnson,customer779@example.com,Ahmedabad,9457706697,2025-10-17
780,Emma,Brown,customer780@example.com,Delhi,9825360011,2026-03-21
781,Isabella,Johnson,customer781@example.com,Bangalore,9580935201,2026-03-17
782,Sophia,Smith,customer782@example.com,Kolkata,9660995241,2025-07-15
783,Emma,Miller,customer783@example.com,Chennai,9296449636,2025-08-01
784,Emma,Davis,customer784@example.com,Kolkata,9833527530,2026-06-25
785,Olivia,Martinez,customer785@example.com,Delhi,9987934134,2026-01-31
786,Ava,Rodriguez,customer786@example.com,Hyderabad,9869239094,2025-08-28
787,John,Smith,customer787@example.com,Chennai,9447833586,2026-02-06
788,James,Williams,customer788@example.com,Hyderabad,9250288112,2026-01-08
789,Sophia,Miller,customer789@example.com,Hyderabad,9563380953,2025-10-21
790,Isabella,Williams,customer790@example.com,Mumbai,9828430703,2026-03-06
791,James,Rodriguez,customer791@example.com,Pune,9516478613,2025-11-15
792,Michael,Garcia,customer792@example.com,Pune,9515434099,2025-09-01
793,David,Garcia,customer793@example.com,Mumbai,9463826320,2026-04-14
794,John,Davis,customer794@example.com,Kolkata,9328030627,2026-02-26
795,John,Smith,customer795@example.com,Kolkata,9845484884,2025-07-30
796,James,Jones,customer796@example.com,Chennai,9204480327,2026-02-14
797,John,Martinez,customer797@example.com,Jaipur,9120686442,2025-11-29
798,Emma,Rodriguez,customer798@example.com,Delhi,9768650464,2026-03-20
799,David,Miller,customer799@example.com,Bangalore,9684187827,2026-03-03
800,David,Davis,customer800@example.com,Pune,9675924551,2025-09-22
801,James,Williams,customer801@example.com,Delhi,9268385524,2025-10-18
802,Michael,Davis,customer802@example.com,Ahmedabad,9187269658,2026-07-09
803,David,Jones,customer803@example.com,Hyderabad,9428769673,2026-03-13
804,Olivia,Rodriguez,customer804@example.com,Delhi,9583733104,2025-09-08
805,David,Garcia,customer805@example.com,Pune,9200215572,2025-10-03
806,Emma,Davis,customer806@example.com,Lucknow,9415910955,2025-10-25
807,Isabella,Garcia,customer807@example.com,Bangalore,9771431022,2026-04-26
808,James,Martinez,customer808@example.com,Lucknow,9753136872,2026-06-13
809,David,Brown,customer809@example.com,Pune,9675159577,2025-12-01
810,Olivia,Garcia,customer810@example.com,Kolkata,9294254935,2025-09-29
811,John,Rodriguez,customer811@example.com,Pune,9544333001,2026-02-08
812,John,Johnson,customer812@example.com,Chennai,9526350073,2025-08-26
813,Emma,Martinez,customer813@example.com,Kolkata,9907684872,2026-01-25
814,John,Garcia,customer814@example.com,Ahmedabad,9140984562,2026-02-18
815,Sophia,Rodriguez,customer815@example.com,Ahmedabad,9697014790,2026-05-04
816,Ava,Martinez,customer816@example.com,Delhi,9206135554,2025-09-17
817,Ava,Brown,customer817@example.com,Chennai,9468372797,2025-12-03
818,James,Garcia,customer818@example.com,Pune,9711018456,2026-06-18
819,Ava,Smith,customer819@example.com,Hyderabad,9796355583,2026-05-22
820,Robert,Williams,customer820@example.com,Pune,9384954030,2025-11-04
821,David,Jones,customer821@example.com,Delhi,9276511956,2026-02-27
822,John,Brown,customer822@example.com,Bangalore,9582277865,2026-02-18
823,Michael,Williams,customer823@example.com,Bangalore,9434211624,2025-11-28
824,David,Brown,customer824@example.com,Jaipur,9215779990,2025-11-03
825,Michael,Rodriguez,customer825@example.com,Chennai,9115183213,2026-07-11
826,Ava,Davis,customer826@example.com,Pune,9662921737,2025-11-07
827,Isabella,Davis,customer827@example.com,Lucknow,9893065298,2026-03-24
828,Michael,Miller,customer828@example.com,Bangalore,9531817837,2025-08-29
829,Isabella,Davis,customer829@example.com,Bangalore,9993873681,2026-06-18
830,Emma,Jones,customer830@example.com,Ahmedabad,9269942170,2025-12-30
831,John,Jones,customer831@example.com,Delhi,9846998560,2025-10-06
832,Sophia,Martinez,customer832@example.com,Kolkata,9738258186,2025-10-23
833,Emma,Martinez,customer833@example.com,Bangalore,9448494546,2026-03-20
834,Michael,Jones,customer834@example.com,Ahmedabad,9895523427,2026-03-08
835,David,Miller,customer835@example.com,Hyderabad,9318951579,2026-03-06
836,Isabella,Williams,customer836@example.com,Mumbai,9485357815,2026-01-14
837,David,Davis,customer837@example.com,Pune,9764311226,2025-08-06
838,Isabella,Miller,customer838@example.com,Lucknow,9753987191,2026-02-21
839,Emma,Martinez,customer839@example.com,Kolkata,9449788015,2026-05-17
840,James,Jones,customer840@example.com,Chennai,9876409165,2025-11-04
841,David,Davis,customer841@example.com,Mumbai,9999478398,2025-12-29
842,Emma,Martinez,customer842@example.com,Bangalore,9407455969,2026-01-22
843,Isabella,Miller,customer843@example.com,Pune,9149890974,2025-11-29
844,Ava,Rodriguez,customer844@example.com,Kolkata,9206401750,2026-06-01
845,John,Johnson,customer845@example.com,Ahmedabad,9778904240,2026-04-25
846,Michael,Brown,customer846@example.com,Mumbai,9451748300,2026-01-04
847,Ava,Jones,customer847@example.com,Bangalore,9870780853,2025-12-03
848,Isabella,Williams,customer848@example.com,Lucknow,9175170214,2026-06-10
849,David,Garcia,customer849@example.com,Ahmedabad,9638368166,2025-11-23
850,Olivia,Williams,customer850@example.com,Bangalore,9661671384,2025-08-31
851,James,Davis,customer851@example.com,Pune,9627930952,2026-01-20
852,James,Davis,customer852@example.com,Kolkata,9940203805,2026-07-07
853,Ava,Garcia,customer853@example.com,Pune,9193416938,2025-10-21
854,Ava,Smith,customer854@example.com,Delhi,9711270265,2025-09-09
855,Isabella,Garcia,customer855@example.com,Kolkata,9585422860,2025-07-17
856,James,Johnson,customer856@example.com,Mumbai,9543184547,2026-04-01
857,Michael,Garcia,customer857@example.com,Hyderabad,9922909906,2026-04-17
858,Robert,Smith,customer858@example.com,Lucknow,9602379404,2025-07-28
859,James,Davis,customer859@example.com,Delhi,9899017380,2025-09-26
860,John,Johnson,customer860@example.com,Hyderabad,9436787470,2026-02-11
861,John,Smith,customer861@example.com,Lucknow,9413283406,2026-03-03
862,John,Davis,customer862@example.com,Delhi,9820423429,2025-07-19
863,Michael,Rodriguez,customer863@example.com,Mumbai,9246853337,2026-04-23
864,James,Jones,customer864@example.com,Lucknow,9474814038,2025-12-02
865,Ava,Brown,customer865@example.com,Bangalore,9721046822,2026-05-20
866,Michael,Rodriguez,customer866@example.com,Jaipur,9677763533,2026-02-08
867,James,Brown,customer867@example.com,Kolkata,9890463204,2026-05-19
868,Isabella,Williams,customer868@example.com,Kolkata,9725377875,2025-09-04
869,Olivia,Martinez,customer869@example.com,Pune,9714690273,2026-05-07
870,Robert,Miller,customer870@example.com,Jaipur,9369690561,2026-01-11
871,Ava,Garcia,customer871@example.com,Ahmedabad,9230404707,2025-10-17
872,Emma,Garcia,customer872@example.com,Delhi,9440122764,2025-09-27
873,Isabella,Davis,customer873@example.com,Ahmedabad,9117124464,2026-05-10
874,Emma,Miller,customer874@example.com,Kolkata,9306816285,2026-03-03
875,John,Garcia,customer875@example.com,Ahmedabad,9306640221,2026-02-28
876,Sophia,Davis,customer876@example.com,Hyderabad,9306645732,2025-08-16
877,Isabella,Brown,customer877@example.com,Bangalore,9246062392,2026-02-11
878,Sophia,Williams,customer878@example.com,Ahmedabad,9183050045,2026-03-25
879,Sophia,Smith,customer879@example.com,Delhi,9644245245,2025-11-17
880,Sophia,Williams,customer880@example.com,Jaipur,9922713578,2025-12-27
881,James,Jones,customer881@example.com,Ahmedabad,9788987580,2026-02-19
882,Robert,Smith,customer882@example.com,Mumbai,9223369964,2026-03-28
883,John,Garcia,customer883@example.com,Mumbai,9464252266,2025-10-20
884,David,Williams,customer884@example.com,Chennai,9512822459,2025-11-04
885,Isabella,Williams,customer885@example.com,Chennai,9610740661,2026-04-23
886,John,Smith,customer886@example.com,Delhi,9578880510,2026-02-26
887,Michael,Rodriguez,customer887@example.com,Mumbai,9227737655,2026-01-03
888,Sophia,Miller,customer888@example.com,Chennai,9106024476,2026-01-12
889,James,Smith,customer889@example.com,Mumbai,9166201668,2025-08-18
890,Isabella,Brown,customer890@example.com,Kolkata,9199886345,2025-07-16
891,Michael,Rodriguez,customer891@example.com,Pune,9706679044,2026-03-27
892,Olivia,Miller,customer892@example.com,Delhi,9989828875,2026-05-27
893,David,Miller,customer893@example.com,Jaipur,9567563750,2026-03-26
894,Olivia,Williams,customer894@example.com,Lucknow,9396118986,2025-08-10
895,Emma,Miller,customer895@example.com,Jaipur,9657600529,2026-06-24
896,Olivia,Rodriguez,customer896@example.com,Delhi,9396035276,2026-02-03
897,Michael,Garcia,customer897@example.com,Chennai,9894373386,2026-05-31
898,Olivia,Davis,customer898@example.com,Ahmedabad,9438694802,2025-10-21
899,David,Miller,customer899@example.com,Bangalore,9546849989,2026-03-04
900,David,Smith,customer900@example.com,Delhi,9408031705,2026-06-05
901,Michael,Miller,customer901@example.com,Mumbai,9837381220,2025-11-24
902,Isabella,Brown,customer902@example.com,Hyderabad,9903024970,2026-05-29
903,Michael,Rodriguez,customer903@example.com,Kolkata,9482346552,2026-07-06
904,John,Garcia,customer904@example.com,Ahmedabad,9211902731,2026-03-25
905,James,Martinez,customer905@example.com,Bangalore,9521810826,2026-06-20
906,Emma,Jones,customer906@example.com,Hyderabad,9579529092,2025-11-20
907,David,Martinez,customer907@example.com,Hyderabad,9686693744,2026-07-09
908,Emma,Rodriguez,customer908@example.com,Mumbai,9785638477,2026-06-10
909,Isabella,Garcia,customer909@example.com,Lucknow,9474785376,2025-08-23
910,John,Smith,customer910@example.com,Chennai,9743646512,2026-05-27
911,Isabella,Garcia,customer911@example.com,Bangalore,9706078878,2026-06-23
912,Robert,Martinez,customer912@example.com,Ahmedabad,9890059087,2026-01-29
913,Sophia,Martinez,customer913@example.com,Ahmedabad,9506392585,2025-12-27
914,Isabella,Davis,customer914@example.com,Jaipur,9210246438,2025-08-05
915,Emma,Rodriguez,customer915@example.com,Pune,9875366514,2025-11-05
916,John,Jones,customer916@example.com,Kolkata,9465139199,2026-01-24
917,Olivia,Davis,customer917@example.com,Lucknow,9929532330,2026-06-26
918,Ava,Johnson,customer918@example.com,Jaipur,9764083146,2026-06-05
919,Isabella,Miller,customer919@example.com,Lucknow,9254438239,2025-12-27
920,David,Williams,customer920@example.com,Lucknow,9961406019,2025-12-19
921,James,Williams,customer921@example.com,Ahmedabad,9941755622,2026-05-27
922,Emma,Garcia,customer922@example.com,Mumbai,9925747435,2026-02-05
923,Ava,Johnson,customer923@example.com,Bangalore,9383254808,2026-02-17
924,Sophia,Johnson,customer924@example.com,Lucknow,9385673319,2026-01-19
925,James,Rodriguez,customer925@example.com,Ahmedabad,9611763462,2025-07-23
926,James,Martinez,customer926@example.com,Bangalore,9840428047,2025-11-10
927,James,Martinez,customer927@example.com,Chennai,9359348299,2025-12-06
928,Ava,Miller,customer928@example.com,Jaipur,9646662353,2026-03-31
929,Ava,Brown,customer929@example.com,Mumbai,9881900892,2026-05-04
930,Michael,Rodriguez,customer930@example.com,Hyderabad,9575098849,2026-04-15
931,Sophia,Jones,customer931@example.com,Delhi,9773457912,2026-07-05
932,Robert,Johnson,customer932@example.com,Chennai,9233307128,2026-06-04
933,Isabella,Garcia,customer933@example.com,Hyderabad,9729366816,2026-01-09
934,David,Brown,customer934@example.com,Hyderabad,9703242844,2025-10-13
935,Ava,Jones,customer935@example.com,Pune,9296064966,2026-05-07
936,Isabella,Jones,customer936@example.com,Pune,9268955170,2026-03-08
937,Michael,Garcia,customer937@example.com,Pune,9172891837,2026-01-29
938,John,Jones,customer938@example.com,Jaipur,9437586698,2025-12-20
939,James,Johnson,customer939@example.com,Lucknow,9633666417,2026-06-18
940,Ava,Martinez,customer940@example.com,Jaipur,9643202604,2026-01-29
941,Robert,Williams,customer941@example.com,Lucknow,9927684290,2026-05-22
942,Robert,Brown,customer942@example.com,Delhi,9742842014,2026-03-31
943,Olivia,Martinez,customer943@example.com,Kolkata,9366313297,2026-04-23
944,James,Brown,customer944@example.com,Jaipur,9230714637,2026-04-12
945,James,Williams,customer945@example.com,Mumbai,9845884950,2025-10-21
946,Robert,Williams,customer946@example.com,Ahmedabad,9164027230,2025-09-03
947,Sophia,Jones,customer947@example.com,Mumbai,9585683844,2025-10-05
948,Ava,Davis,customer948@example.com,Chennai,9747430016,2026-07-10
949,Olivia,Brown,customer949@example.com,Pune,9698215343,2025-07-17
950,James,Davis,customer950@example.com,Chennai,9564170918,2025-09-03
951,Sophia,Williams,customer951@example.com,Hyderabad,9923815644,2026-05-15
952,Ava,Garcia,customer952@example.com,Lucknow,9599121851,2025-12-25
953,Sophia,Miller,customer953@example.com,Jaipur,9545972977,2025-12-15
954,Emma,Martinez,customer954@example.com,Hyderabad,9704326405,2025-08-31
955,David,Martinez,customer955@example.com,Pune,9355180306,2026-05-27
956,David,Williams,customer956@example.com,Pune,9189244627,2025-07-22
957,David,Brown,customer957@example.com,Mumbai,9702099208,2025-11-22
958,Isabella,Davis,customer958@example.com,Hyderabad,9482870337,2026-01-19
959,David,Jones,customer959@example.com,Delhi,9251803680,2025-11-29
960,Olivia,Rodriguez,customer960@example.com,Mumbai,9594925251,2026-01-15
961,Isabella,Miller,customer961@example.com,Chennai,9698052833,2026-04-25
962,John,Davis,customer962@example.com,Ahmedabad,9332529714,2025-08-13
963,Isabella,Smith,customer963@example.com,Bangalore,9876444317,2026-01-03
964,Olivia,Smith,customer964@example.com,Jaipur,9895453233,2026-01-16
965,Michael,Smith,customer965@example.com,Mumbai,9508525849,2026-03-16
966,Michael,Rodriguez,customer966@example.com,Chennai,9195789734,2025-08-02
967,David,Johnson,customer967@example.com,Bangalore,9561322225,2026-05-03
968,David,Smith,customer968@example.com,Bangalore,9851674147,2025-12-22
969,Sophia,Smith,customer969@example.com,Chennai,9737973059,2026-01-29
970,Isabella,Smith,customer970@example.com,Bangalore,9106915756,2025-09-20
971,Isabella,Brown,customer971@example.com,Bangalore,9429358650,2026-03-05
972,John,Garcia,customer972@example.com,Lucknow,9845871214,2025-08-07
973,Emma,Davis,customer973@example.com,Kolkata,9751219901,2026-02-05
974,David,Brown,customer974@example.com,Pune,9366632939,2025-10-25
975,Isabella,Brown,customer975@example.com,Hyderabad,9913177033,2025-09-11
976,Michael,Jones,customer976@example.com,Ahmedabad,9291140700,2026-01-28
977,Emma,Miller,customer977@example.com,Ahmedabad,9766618370,2026-04-17
978,Isabella,Johnson,customer978@example.com,Mumbai,9799175064,2026-03-29
979,David,Davis,customer979@example.com,Kolkata,9894939888,2026-03-25
980,Ava,Martinez,customer980@example.com,Ahmedabad,9267901097,2026-07-11
981,David,Davis,customer981@example.com,Ahmedabad,9704869540,2026-06-30
982,Sophia,Brown,customer982@example.com,Ahmedabad,9482667040,2026-02-10
983,Isabella,Davis,customer983@example.com,Chennai,9260503236,2026-04-26
984,David,Johnson,customer984@example.com,Ahmedabad,9559586803,2025-10-15
985,Olivia,Miller,customer985@example.com,Lucknow,9552475904,2026-01-08
986,Olivia,Williams,customer986@example.com,Ahmedabad,9794088741,2026-02-09
987,Ava,Garcia,customer987@example.com,Hyderabad,9690965177,2025-08-21
988,Michael,Smith,customer988@example.com,Kolkata,9191814512,2026-06-20
989,Olivia,Martinez,customer989@example.com,Jaipur,9223584184,2025-10-07
990,Ava,Brown,customer990@example.com,Chennai,9278343819,2026-04-18
991,David,Smith,customer991@example.com,Hyderabad,9795191077,2025-08-10
992,James,Martinez,customer992@example.com,Bangalore,9926482166,2025-12-22
993,Sophia,Jones,customer993@example.com,Jaipur,9177248857,2025-09-25
994,David,Brown,customer994@example.com,Delhi,9786170382,2026-02-26
995,Sophia,Miller,customer995@example.com,Pune,9634845100,2025-12-20
996,Emma,Miller,customer996@example.com,Ahmedabad,9891953844,2026-03-23
997,Robert,Williams,customer997@example.com,Kolkata,9625192831,2025-12-20
998,Isabella,Johnson,customer998@example.com,Pune,9811379810,2025-10-01
999,Ava,Jones,customer999@example.com,Kolkata,9699824149,2025-12-03
1000,Emma,Williams,customer1000@example.com,Kolkata,9528454423,2026-05-29
